time_start,time_end,sender_id,receiver_id,x_1,x_2,x_3,x_4,x_5,x_6,x_7,x_8,x_9,x_10,x_11,x_12,x_13,x_14,x_15,x_16,x_17,x_18,x_19,x_20,x_21,x_22,x_23,x_24,x_25,x_26,x_27,x_28,y_1,y_2,y_3,y_4,y_5,y_6,y_7,y_8,y_9,y_10,y_11,y_12,y_13,y_14,y_15,y_16,y_17,y_18,y_19,y_20,y_21,y_22,y_23,y_24,y_25,y_26,y_27,y_28
100,100,13,9,2550,410,,2560,4110,130,2130,1790,-320,930,,1930,130,,-330,760,620,,770,,1130,1260,,-610,2290,-2980,-660,1980,960,-1360,,-390,300,1490,2430,-1850,790,2350,,-140,-700,,-940,1500,2050,,-340,,840,1130,,1030,620,300,160,-850
100,1100,2,3,-700,0,60,-50,,-30,-2330,-1320,-2480,10,-4790,,,-20,2400,2370,2430,850,1330,4740,,870,,2340,1290,30,10,,650,-100,60,-3390,,-1410,-420,2450,790,-3340,-30,,,3020,-130,-2470,-1150,1950,-2220,-10,,-220,,1580,570,-1000,880,
300,800,15,20,2080,1580,2120,520,1060,4760,760,,810,,2110,30,2130,,0,,-760,-90,,-40,-40,-2210,-1410,160,-4260,-1790,,40,870,-1530,-130,1670,-70,-20,-1570,,-630,,-1080,850,-2190,,-30,,460,-2750,,110,-1580,110,1980,-3300,0,-1060,,1540
300,1100,3,2,930,10,0,100,450,40,,,2230,1410,2520,280,4940,,-1780,-700,-480,-5320,,-90,-1340,,0,,-1790,-1480,-310,-740,-30,-180,50,3030,2970,-1670,,,290,-2210,-860,3390,-50,,-250,-560,2860,-10,,910,-1540,,-980,,910,2320,-1640,520
300,900,16,27,-1050,-590,,-200,-1420,,-810,-1750,-1080,-1720,20,-5020,,-90,1320,0,1860,4280,1100,0,950,60,,1460,1950,,0,,450,1000,,-2090,-1550,,-390,-360,2210,570,-930,260,,1410,-2840,-60,-400,-70,780,-2030,-230,3180,,2160,640,,30,
400,600,22,28,-860,-1120,,-800,-270,-1530,-2010,-1220,10,-4560,-1910,,-590,,2010,4590,990,1330,0,1230,230,10,2100,,1400,,,0,-320,390,,50,1560,-1950,280,2230,-910,-40,-740,,-1900,,-410,0,0,-300,-2740,3100,2590,40,430,,-2410,,,-120
500,1000,21,16,,-70,,-1800,-5290,-910,-1680,-1470,10,20,-1690,-1040,-160,,630,40,1450,,40,,-30,-140,2320,2100,410,4530,,-80,,920,,0,-20,-210,-1310,2460,-970,-1320,1030,1090,1680,,-680,-140,-1740,,2960,,20,-2160,680,-560,3330,-20,,2230
500,1200,16,24,930,890,1230,1380,-30,,,1700,4400,1670,160,320,380,,-5270,20,-2200,-970,-1630,,,-990,0,20,-1900,-2200,0,,-260,320,-1630,1870,840,,,-310,0,520,-1060,-2140,1640,,-190,-170,-720,1040,2850,,,-410,-2480,0,-1890,1280,2620,
500,900,1,5,0,820,-50,-50,-60,0,,2210,,,4330,1820,1280,60,10,-4790,-1900,-950,,-1400,-2190,-1790,,80,-1950,-540,-1750,,70,-640,2800,3340,-90,-1310,,-180,,,30,1160,-2240,1900,-810,20,-140,2330,,270,710,1310,,910,-1250,-1840,2200,
500,900,12,7,2490,330,,2450,4040,-50,2030,1730,-460,660,,1820,0,,-410,590,370,,640,,1130,1060,,-740,2220,-3060,-750,1910,1040,-1210,,-330,330,1660,2640,-1850,910,2570,,-40,-670,,-840,1680,2150,,-290,,900,1370,,1210,620,300,300,-800
600,1400,15,24,-880,-930,-1460,150,-740,-110,,-1740,-1340,,-4920,-1840,,-20,0,4880,2080,30,,1290,2340,950,,0,830,10,1230,,-20,1040,-1660,-720,-330,1370,,400,1930,,-50,-720,,-1570,0,-10,650,-2010,,-450,-480,260,,-210,2650,2380,-2790,
600,900,25,24,850,,480,1510,400,500,1720,1080,1730,-20,4630,,,150,-2000,-4600,,-1200,-1420,,,-2030,60,0,50,-1990,-10,-560,-340,,700,2140,-890,1860,290,-2150,-580,810,90,,,-1450,-1710,-90,,360,2840,,,-310,3140,260,-110,1080,-2830,-130
600,1100,12,7,190,0,-2040,0,-700,-5090,30,,110,,-1600,20,-1570,,1810,,860,1900,,860,1560,2170,1990,80,4430,2190,,810,-1110,-1300,-830,2220,580,-40,-90,,-1070,,120,60,1300,,-1160,,-770,1200,,-40,-1750,-640,-1670,880,50,10,,1510
600,1400,26,19,-940,-980,70,-460,-1720,-20,-740,,-1460,-1880,,,-4740,-2020,10,1040,,2660,0,1350,30,,4820,-60,2280,20,,740,-110,760,920,1960,-1500,-1620,-660,,1650,690,,,-10,-470,1520,-170,,430,-30,-1680,-1690,,0,-990,-120,-50,,590
700,1100,1,5,-10,-860,-2040,40,90,-50,-20,,-1940,-1460,,-4890,,130,2010,1590,,1060,,1790,-70,4740,1890,910,1100,50,,1890,-260,400,320,-3150,60,1920,-2910,,-770,2240,,0,,-2100,420,1100,,-90,,-2010,1120,0,-330,1410,-860,-950,,-870
700,1300,3,2,570,0,-20,-60,20,-10,,,2270,1390,380,4680,2110,,-830,,-2580,-2860,-1880,,-890,-20,-70,-5290,-2750,,-2800,-1430,630,-150,-20,-950,3080,2240,,,-410,-1990,3380,-30,1070,,2300,,-1100,1100,710,,50,890,-1410,-110,2300,,-190,-730
700,1100,18,26,-800,-860,0,,-310,-1470,-1880,,-1390,-5080,-1700,-840,-10,,0,,1920,-30,4910,,1680,-20,1060,670,400,-30,1540,,590,-360,-1030,,1580,-1460,590,,2760,60,-440,-30,-1930,,1550,,260,0,80,,-1470,3350,-730,630,-2800,-230,1530,
700,1000,7,2,650,-20,,10,10,,0,2370,880,2190,290,5310,,0,-2210,20,-2140,-4990,-1070,-980,-1380,0,,-2050,-1930,,-490,,-710,-120,,2570,3010,,-90,400,-2480,-770,3380,-230,,-3290,2750,960,1140,-100,-1060,2080,1000,-830,,-2120,-70,,-2040,
700,1100,16,27,-1210,-830,-800,-410,-1790,-240,,,-2000,-1630,-1890,-20,-4850,,1670,0,0,5240,,40,1130,,0,,1760,1410,0,920,-280,150,-390,1090,-1560,-1210,,,-260,1590,760,760,-120,,680,-200,-2090,-10,,-1040,1830,,1300,,-590,-1960,60,-80
800,1100,15,19,-2130,-1890,-4900,,-1130,-150,-30,-1120,150,-2130,-1670,-1530,,,90,680,1420,-50,-140,-230,10,2260,,4380,1990,,,100,80,2780,40,,80,-1680,960,1970,-690,1370,-1000,1280,,,130,-400,-1370,3210,0,-930,2900,0,,-20,1210,,,1610
800,1200,21,26,850,490,1540,-10,240,220,1420,,1610,1300,,4500,,20,-2050,-1190,,-1090,,-720,10,-4820,-1910,120,-1100,50,,-1750,150,-810,-570,840,1380,-1500,1390,,330,-1660,,-10,,2080,-720,-2010,,-350,,2490,30,-60,60,-2940,230,-190,,980
800,2800,20,22,2080,1560,2140,450,1040,4780,770,,790,,2120,-70,2130,,30,,-780,-90,,0,60,-2180,-1370,360,-4210,-1810,,110,880,-1570,-150,1720,-50,-50,-1630,,-610,,-1070,750,-2260,,-20,,430,-2810,,110,-1570,90,1890,-3290,10,-1100,,1410
800,1300,2,7,600,0,0,20,30,-20,-60,,670,2470,,,4400,2000,-2140,-1370,-940,-2350,,-1920,-650,,-4740,20,-2270,0,,-830,-950,-160,3220,-1830,2930,1420,-70,,-2560,-880,,,-40,1220,-770,780,2370,80,,2680,-1190,,-120,850,1150,-1030,,-350
800,1000,27,26,830,740,300,1760,,860,1920,1260,1990,-50,4880,,,340,-2080,-580,-1590,-20,20,-4060,,10,,-1810,-1180,40,10,,-170,270,-1340,1910,,1860,460,-2150,-650,830,-50,,,-790,-630,2170,1070,-1690,3400,-40,,1040,,-2250,-390,80,-120,
900,1100,1,4,40,800,,0,30,-50,2490,500,-670,4620,2140,,10,,-2430,-4760,-1190,-1610,-920,,-2000,-780,-2050,,-2120,,-20,-840,-210,-410,,90,1800,3060,-270,-2380,3200,-150,1520,,-1230,,1450,-10,0,1100,-1320,,-1240,2710,20,,2410,,1000,-50
900,1800,24,28,780,,440,1500,360,480,1730,1070,1740,-100,4650,,,100,-2010,-4590,,-1190,-1420,,,-2030,130,20,80,-2000,-10,-560,-320,,680,2150,-840,1870,300,-2200,-570,730,60,,,-1390,-1710,-80,,290,2840,,,-330,3140,220,-110,1060,-2820,-120
900,2800,5,8,0,830,-170,-130,-80,-10,,2150,,,4280,1830,1270,40,100,-4780,-1910,-990,,-1380,-2200,-1780,,140,-1900,-540,-1770,,70,-570,2780,3340,-50,-1400,,-110,,,30,1160,-2260,1930,-850,10,-140,2350,,210,750,1310,,850,-1110,-1840,2220,
900,1300,2,1,-30,-10,-20,,10,0,2410,,1590,4160,2350,870,20,,-720,,-2080,-760,-4860,,-2170,210,-1810,-1030,-1430,100,-1700,,-340,-70,3340,,-1450,3090,-100,,-1710,0,1290,-480,1280,,-980,,110,820,-30,,1670,-910,1730,-220,3030,950,-1220,
900,1200,11,1,30,-320,-1020,290,270,,,-2110,-4670,-1710,80,50,0,,5060,160,2250,970,2020,,,920,320,40,1910,2290,1060,,-260,-1140,1500,-2840,-3240,,,70,0,-950,-20,2680,-1580,,40,-1160,-420,-1040,-2210,,,220,1560,1000,1370,-1270,-2070,
1000,2500,26,25,820,690,270,1770,,860,1920,1260,1980,-80,4830,,,310,-2080,-580,-1590,-10,40,-4080,,20,,-1810,-1180,50,10,,-180,260,-1320,1910,,1870,460,-2150,-640,770,-10,,,-800,-630,2170,1070,-1680,3390,-50,,1040,,-2230,-390,90,-130,
1100,3400,4,7,40,790,,0,0,-90,2480,480,-740,4600,2130,,0,,-2440,-4750,-1180,-1630,-910,,-2000,-800,-2050,,-2130,,-10,-840,-190,-380,,80,1790,3050,-280,-2410,3190,-140,1540,,-1240,,1450,0,-10,1120,-1360,,-1240,2700,30,,2410,,1020,-50
1100,3500,3,9,-700,0,100,0,,160,-2290,-1320,-2490,160,-4700,,,20,2350,2360,2410,840,1360,4740,,850,,2360,1220,-130,-60,,710,-200,60,-3170,,-1330,-310,2430,740,-3430,-20,,,2960,-110,-2500,-1010,2000,-2390,-20,,-260,,1600,630,-840,750,
1100,3000,19,22,-2130,-1920,-4920,,-1130,-120,0,-1100,180,-2140,-1670,-1510,,,80,670,1430,-160,-190,-320,-10,2220,,4370,1990,,,80,80,2770,40,,80,-1670,940,1970,-660,1380,-1010,1280,,,200,-410,-1380,3170,0,-890,2890,10,,-10,1210,,,1610
1100,3600,5,3,-10,-870,-2050,150,120,-30,10,,-1940,-1460,,-4860,,260,2010,1600,,1060,,1840,-190,4740,1910,930,1100,50,,1890,-320,430,320,-3130,70,1940,-2960,,-760,2240,,-10,,-2070,410,1120,,-140,,-2050,1040,0,-330,1350,-880,-960,,-900
1100,1700,2,3,-410,40,0,30,,-30,-2160,-1020,-2530,0,-4590,,,0,2190,4860,,1080,2090,,,2280,630,640,0,2280,510,1440,770,-110,130,-2880,,-1300,-470,2450,820,-3380,-30,,,3320,1690,-60,,300,-2070,,,-290,-1840,-220,880,-1050,1860,-890
1100,2200,26,24,-770,-840,10,,-290,-1500,-1850,,-1410,-5120,-1660,-750,0,,-60,,1940,-70,4820,,1710,-20,1070,660,340,-60,1560,,630,-360,-1010,,1600,-1560,640,,2770,20,-400,-20,-1890,,1560,,190,0,140,,-1470,3380,-690,610,-2830,-230,1540,
1100,1500,9,7,1800,1270,4460,,1220,110,-40,0,0,1990,1380,570,,,-880,-790,-1350,130,-880,-480,-1670,-1750,,-4360,-1710,,,60,680,-1670,0,,330,2070,-50,-3200,60,-160,1850,90,,,-10,450,1550,-720,-200,1730,-1980,260,,10,-480,,,-1880
1200,1500,21,22,-860,-780,-700,-330,-1150,10,,,-1510,-1230,110,-5400,-1630,,120,,1690,2840,,,0,0,30,5060,1340,1410,2330,1120,-260,430,-780,1480,-1690,-1760,,,710,2150,840,10,-360,,-2050,,2200,-970,,,-40,-270,2190,-250,-3110,-600,840,750
1200,3200,1,8,40,-300,-1020,390,370,,,-2090,-4620,-1690,110,110,20,,5030,160,2250,980,2020,,,920,310,0,1930,2280,1060,,-250,-1160,1500,-2860,-3170,,,60,-10,-960,-20,2610,-1520,,50,-1150,-430,-1070,-2160,,,210,1590,970,1360,-1260,-2090,
1200,2000,24,22,830,830,1230,1380,-70,,,1690,4350,1650,110,250,320,,-5240,50,-2170,-960,-1630,,,-990,0,20,-1860,-2220,0,,-240,330,-1590,1860,870,,,-290,-30,500,-900,-1980,1690,,-140,-130,-650,1270,2850,,,-390,-2450,0,-1740,1280,2640,
1200,2500,26,25,850,480,1550,-60,240,180,1400,,1600,1310,,4490,,-10,-2080,-1210,,-1100,,-720,60,-4830,-1900,230,-1100,90,,-1740,140,-750,-570,840,1300,-1510,1410,,350,-1670,,-20,,2080,-740,-2070,,-350,,2500,70,-80,110,-2940,200,-200,,1000
1300,3300,1,7,-40,-20,-180,,-50,-20,2390,,1590,4150,2360,860,0,,-680,,-2070,-740,-4880,,-2180,370,-1850,-980,-1460,180,-1690,,-330,-90,3340,,-1360,3090,-80,,-1730,0,1290,-540,1330,,-1000,,140,850,-50,,1700,-860,1760,-230,3030,960,-1190,
1300,3500,7,10,590,-20,-90,10,20,-30,-50,,640,2460,,,4430,2000,-2100,-1370,-960,-2350,,-1930,-640,,-4800,50,-2270,40,,-780,-910,-190,3200,-1820,2950,1420,-80,,-2580,-910,,,-40,1250,-680,780,2400,110,,2660,-1210,,-190,770,1150,-1030,,-320
1400,2700,24,20,-790,-890,-1400,390,-510,-90,,-1660,-1290,,-4860,-1790,,0,-20,4850,2070,30,,1280,2340,960,,10,840,-10,1250,,-110,1150,-1690,-480,-270,1490,,430,2050,,-50,-620,,-1560,30,-10,730,-2050,,-470,-580,300,,-170,2710,2500,-2880,
1500,3300,22,26,-820,-770,-670,-300,-1130,20,,,-1490,-1220,230,-5420,-1600,,120,,1680,2870,,,10,-20,10,5040,1340,1420,2380,1110,-290,400,-830,1480,-1650,-1760,,,700,2120,750,-30,-350,,-2080,,2220,-980,,,-30,-260,2220,-230,-3110,-600,840,750
1500,2500,7,12,1810,1270,4450,,1210,110,-60,-50,-90,1990,1370,570,,,-890,-780,-1350,190,-850,-450,-1660,-1740,,-4340,-1690,,,60,690,-1650,0,,350,2090,-60,-3210,60,-180,1860,80,,,20,460,1540,-640,-190,1750,-1990,280,,30,-480,,,-1970
1600,3500,2,11,870,10,-80,-40,290,-90,,,2270,1330,2560,180,4890,,-1810,-390,-540,-5320,,60,-1290,,280,,-1770,-1430,-280,-750,50,-170,40,2960,3010,-1770,,,260,-2030,-820,3370,-100,,-270,-640,2830,-70,,720,-1330,,-950,,1000,2380,-1640,530
1800,2500,27,21,-830,-440,,-140,-1340,,-420,-1640,-1160,-1650,360,-4820,,120,1360,-390,1900,4230,1120,-180,990,-90,,1510,1960,,110,,660,860,,-2000,-1540,,-280,-330,2280,670,-640,0,,1300,-2730,-180,-400,-60,840,-2080,-200,3170,,2180,630,,-140,
1900,3700,16,24,,90,,-1770,-5180,-450,-1620,-1470,230,380,-1730,-1070,-10,,630,20,1370,,-70,,-100,-540,2250,2150,40,4430,,-460,,500,,10,-40,-150,-1420,2410,-440,-1290,1040,1260,1740,,-460,-160,-1720,,2960,,100,-2170,680,-620,3340,120,,2130
2000,3400,2,9,530,40,-170,-240,-180,-210,,,2170,1410,230,4630,2070,,-940,,-2570,-2800,-1880,,-740,130,20,-5210,-2760,,-2720,-1330,480,-80,10,-860,3070,2110,,,-330,-2030,3360,-110,1080,,2280,,-1000,1200,750,,40,680,-1470,-190,2300,,-250,-560
2100,4500,3,9,-330,140,-20,90,,270,-2160,-1120,-2510,250,-4480,,,210,2150,5020,,960,2070,,,2340,700,310,-220,2270,430,1470,720,-40,30,-2930,,-1210,-570,2430,790,-3350,-30,,,3190,1700,-120,,300,-2090,,,-430,-2070,-320,410,-1050,1920,-890
2200,4400,19,25,-810,-1110,710,-430,-1720,100,-680,,-1480,-1940,,,-4530,-1980,-460,1040,,2680,70,1460,50,,4820,-460,2410,-190,,950,-170,890,690,1910,-1430,-1780,-720,,1700,650,,,-20,-510,1510,-120,,440,-50,-1740,-1820,,0,-900,-170,-50,,470
2300,3400,7,5,910,550,-2030,150,-780,-5050,240,,240,,-1610,380,-1370,,1830,,810,1940,,790,1520,2140,2020,130,4310,2130,,990,-990,-1040,-830,2370,550,-70,290,,-830,,170,-40,1390,,-790,,-690,1320,,230,-1780,-560,-1640,560,30,90,,1620
2500,4500,25,18,640,410,1600,-540,50,10,1350,,1470,1360,,4340,,-160,-2180,-1300,,-1190,,-600,560,-4790,-2040,570,-1050,450,,-1790,70,-760,-590,530,1030,-1670,1410,,370,-1810,,-40,,2110,-780,-2260,,-370,,2680,-100,-70,120,-2940,330,-300,,1180
2500,4600,12,11,1900,1250,4460,,1200,0,-210,-400,-340,2030,1390,590,,,-760,-660,-1360,350,-530,-390,-1600,-1730,,-4250,-1570,,,100,770,-1710,0,,390,2250,-130,-3150,40,-180,1910,80,,,100,480,1540,-310,-120,1810,-2060,290,,10,-490,,,-1980
2600,4900,28,20,-640,-930,,-130,-310,-1870,-1760,-1170,70,-4330,-1850,,-820,,2060,4380,1080,1230,-800,1140,-440,-450,2110,,1440,,,-10,-220,490,,480,1710,-1920,340,2340,-100,10,-710,,-1900,,-250,100,570,-170,-2840,3060,2730,-230,550,,-2380,,,290
2800,5100,22,2,1880,1560,2240,490,1050,4800,790,,870,,2160,-900,2300,,260,,-950,600,,420,460,-1510,-1350,1190,-3920,-1680,,250,960,-1750,-210,1640,-100,-10,-1880,,-880,,-1080,250,-2420,,-450,,230,-2810,,10,-1610,-20,2060,-3120,10,-1310,,1340
2800,7900,8,4,-190,910,-1060,-1070,-380,-480,,1670,,,4050,1700,1090,-320,800,-4820,-2090,-1360,,-1360,-2430,-1970,,750,-1920,-530,-1910,,570,-400,2680,3140,90,-1350,,-130,,,10,1280,-2390,1570,-490,-40,-210,2420,,250,840,1480,,630,-1130,-1770,2270,
3000,4200,24,21,-670,-630,590,,-90,-1460,-1770,,-1400,-4660,-1510,-200,270,,-460,,2150,-510,4550,,1970,-510,980,770,100,-610,1690,,720,-540,-560,,1720,-2070,880,,2610,-220,-270,-40,-1940,,1740,,150,270,150,,-1720,3380,-780,340,-2970,-390,1530,
3000,5800,22,18,-2050,-2140,-4830,,-1320,-10,560,-1000,800,-2220,-1360,-1720,,,-310,710,1190,-1190,-500,-900,-700,1620,,4090,1760,,,-490,40,2700,40,,350,-1650,770,2080,-110,1510,-1080,1580,,,870,-250,-1440,2860,260,-660,2870,20,,40,1290,,,1480
3000,4800,22,26,490,470,1150,1290,-580,,,1430,4090,1410,-540,-200,80,,-5080,170,-2320,-1110,-1600,,,-1030,210,490,-1810,-2410,10,,-330,400,-1730,1940,690,,,-340,0,440,-460,-1650,1900,,-100,-330,-620,1640,2890,,,-220,-2250,80,-1780,1320,2680,
3100,4400,21,25,-590,-120,,200,-1170,,50,-1380,-1080,-1440,1000,-4430,,650,1500,-820,2060,4210,1180,-340,1140,-170,,1500,2110,,380,,820,700,,-1770,-1760,,-270,-350,2490,500,-200,-30,,1090,-2720,-200,-430,-140,890,-2510,-150,3060,,2280,620,,-90,
3200,7000,8,25,250,-230,-890,1200,1520,,,-1800,-4230,-1490,660,840,240,,4880,70,2320,1340,2040,,,960,40,-570,1970,2310,1330,,-610,-1300,1470,-2790,-2720,,,50,-30,-990,170,2130,-1610,,70,-1090,-530,-1350,-2080,,,130,1660,410,1410,-1190,-2230,
3300,5900,7,21,130,30,-1140,,-520,-430,2330,,1460,4110,2310,580,-530,,-200,,-1840,-800,-4640,,-1940,1350,-2140,-760,-1770,1150,-1600,,-250,200,3110,,-930,3020,-650,,-2280,-40,1170,-510,1350,,-1430,,60,940,-100,,1620,-680,1950,-270,2940,570,-1050,
3400,6000,7,18,0,570,,-480,-540,-1150,1720,330,-1880,4040,1810,,-600,,-2660,-4620,-1120,-2060,-490,,-2200,-1070,-2170,,-2530,,420,-70,410,-190,,230,1680,2990,-300,-2180,3000,-40,1620,,-1450,,1470,120,180,1500,-1610,,-1440,2560,100,,2530,,630,-130
3400,5400,20,27,-400,-550,-970,1150,120,230,,-1330,-1210,,-4260,-1330,,410,-150,4690,2170,-30,,1460,2490,1160,,-40,970,-170,1250,,-440,1150,-1970,-610,-450,1600,,340,2110,,-90,-600,,-1670,210,-90,990,-2220,,-650,-750,280,,-590,2780,2700,-2800,
3500,5200,25,17,610,80,-260,1670,,470,1860,1280,1560,-1100,4410,,,-460,-2120,-420,-1660,280,800,-4370,,280,,-1970,-1280,900,370,,90,560,-1410,2460,,2110,730,-1920,-570,60,-10,,,-350,-620,2270,1400,-1490,3270,-160,,1130,,-2310,-240,330,-220,
3600,7300,3,14,210,-930,-1690,1490,810,320,1140,,-1700,-1420,,-4380,,1390,2040,1710,,1230,,2290,-1170,4590,2320,1100,1330,460,,2230,-1070,540,40,-2810,-560,1540,-2670,,-870,2340,,-50,,-1790,210,1140,,-430,,-2380,510,-40,-540,970,-1160,-1420,,-980
3700,7600,24,11,,640,,-1660,-4400,-140,-1540,-1630,820,1390,-1620,-1180,100,,810,-100,1130,,-630,,-360,-1180,2120,1980,-800,4260,,-1240,,40,,-270,-10,-200,-1640,2240,-240,-850,1110,1510,1560,,-180,-170,-1630,,2850,,330,-2060,760,-550,3190,110,,1810
3800,6300,28,15,320,,10,1560,-280,-30,1490,1160,1520,-650,4310,,,-570,-2010,-4570,,-1240,-1400,,,-2160,900,340,900,-1990,320,-490,-240,,420,2310,-470,2020,400,-2430,-630,130,-60,,,-810,-1820,-50,,490,2920,,,-430,3090,500,-190,1180,-2830,-230
4000,4800,2,7,10,-1220,,-800,-1110,,-1050,1880,640,1590,-840,4610,,-1320,-2470,-120,-2420,-4810,-1580,-1690,-1770,-20,,-2380,-2290,,-1320,,-540,130,,2230,2950,,800,350,-2430,-810,3230,-100,,-2830,2430,610,670,-40,-370,1920,630,-450,,-1640,-120,,-1890,
4000,5900,16,28,-1240,-570,-500,-720,-1760,-540,,,-2230,-1980,-1870,-250,-4650,,1340,-100,-760,4440,,-1130,580,,-1370,,1560,980,-860,530,-150,-100,-30,820,-1770,-1260,,,-300,1560,670,190,-100,,560,540,-1920,-150,,-1000,1920,,840,,-700,-2260,80,-110
4200,6900,11,4,410,-130,-660,-880,-600,-740,,,2430,730,2420,-860,4510,,-1800,460,-1020,-4410,,1430,-1130,,1510,,-1890,-1840,340,-930,300,130,270,2030,2880,-2270,,,360,-2670,-970,3010,-40,,-160,-780,2680,-120,,250,-1980,,-990,,860,2080,-1940,750
4400,5400,25,18,-480,-1480,1180,-20,-1490,1060,-860,,-1800,-2190,,,-4150,-1920,-1480,1050,,2830,-40,2000,-270,,4820,-1340,2740,-730,,1470,-170,1140,250,1860,-1650,-1590,-690,,1930,700,,,-30,-410,1330,30,,450,0,-2500,-1890,,0,-560,-140,340,,-110
4500,5200,7,6,2300,-170,,1990,3650,90,780,910,-1460,-960,,660,-590,,-820,240,-1320,,-850,,440,60,,-1710,1500,-3570,-1460,760,2040,230,,-220,540,2520,3170,-2090,1850,3220,,740,-1170,,280,2930,2900,,-410,,1270,2150,,1960,820,580,920,-620
4500,5300,26,28,-640,-330,300,320,-670,840,,,-1320,-920,1420,-5250,-1300,,160,,1440,3040,,,-640,-1010,-270,4880,1580,1380,2810,890,-380,210,-490,1440,-2010,-1660,,,620,2160,100,-90,-470,,-2560,,2600,-1240,,,0,-180,2650,-140,-3450,-630,960,770
4500,6200,18,16,380,150,1740,-1260,-600,-360,1440,,1850,1480,,4030,,-30,-2500,-1520,,-1420,,-300,1600,-4580,-2190,1070,-1110,1210,,-1880,-310,-1060,-740,-680,590,-2020,1130,,160,-2140,,-180,,1880,-790,-2680,,-1180,,3060,-140,-100,110,-2700,150,-340,,1350
4500,8000,9,10,-560,500,150,760,,1180,-2140,-930,-2150,1260,-4170,,,1020,1950,4880,,960,1970,,,2340,920,-440,-1450,2370,-230,1740,300,190,-530,-2860,,-1090,-800,3100,780,-3000,-70,,,2430,1840,-140,,210,-2060,,,-140,-2360,-280,500,-1040,1830,-1050
4500,6500,10,5,650,-400,-1480,-930,-830,-1160,-320,,410,1810,,,4430,1950,-1990,-1750,-1290,-2500,,-2460,-450,,-4550,1110,-2420,1150,,-110,-1160,-210,2630,-1450,2500,1410,0,,-3080,-950,,,-10,980,-950,1190,2240,0,,2470,-1600,,-30,40,1080,-1340,,-560
4500,7000,9,4,-770,310,940,1020,,1600,-1940,-1030,-1770,1860,-4310,,,1210,2380,2370,2470,210,1880,4180,,520,,2190,1250,-970,-1360,,810,-550,-350,-2560,,-1230,-280,3110,560,-2900,-30,,,2240,-20,-2400,-1060,2330,-2390,-60,,-240,,1700,540,0,800,
4600,6000,11,5,2420,1330,4390,,1460,-330,-570,-1110,-840,2050,1450,320,,,-420,-160,-1160,690,140,-10,-1440,-1500,,-3820,-1350,,,150,960,-1710,30,,620,2640,-210,-2810,110,-190,1770,0,,,420,930,2050,350,290,2170,-1750,680,,150,-240,,,-1730
4900,9600,20,10,-590,-400,,700,330,-1600,-1500,-970,850,-3810,-1370,,-670,,2180,4300,1170,1110,-1310,1010,-750,-1080,2030,,1440,,,-210,390,1330,,1360,2360,-1520,850,2810,630,250,20,,-1700,,-70,250,1180,10,-2370,2360,3020,-70,1050,,-2520,,,1020
5200,6500,6,7,2260,-240,,1960,3610,270,690,790,-1440,-1040,,570,-600,,-750,170,-1370,,-1060,,260,10,,-1750,1360,-3650,-1550,690,2190,550,,-210,540,2520,3170,-2130,1970,3230,,760,-1280,,530,3010,2930,,-400,,1280,2290,,2080,830,510,1030,-580
5300,8300,9,5,70,-480,-1300,-1440,-1300,-1440,,,1940,830,-1410,4210,1820,,-1570,,-2400,-2800,-2230,,-920,660,150,-4570,-2670,,-2560,-1070,510,210,540,-600,2880,1850,,,-670,-2310,3160,-50,1340,,2400,,-1020,1430,1220,,150,50,-1820,40,2270,,-90,-100
5700,7000,26,19,160,-80,800,630,-1620,,,970,3440,920,-1390,-580,-940,,-4770,170,-2550,-960,-2230,,,-1000,580,890,-1990,-2480,-70,,-40,1030,-1550,2510,1440,,,-100,190,820,440,-900,2300,,60,-250,-600,1870,3110,,,490,-2170,610,-1920,1630,3060,
5800,7700,18,2,-2900,-2860,-4650,,-2170,-750,-10,-1610,520,-3130,-1980,-2100,,,-890,-180,330,-2140,-1170,-2100,-1980,1100,,3210,650,,,-2360,110,2260,150,,860,-930,960,2090,440,1450,-660,1430,,,1420,60,-1170,1210,820,-270,2490,370,,220,1130,,,1070
5900,8000,28,26,-1220,-650,190,-290,-1510,-230,,,-1910,-1670,-1660,350,-4310,,1540,10,-600,3930,,-1130,310,,-1570,,1770,810,-1300,490,-470,40,-510,980,-1500,-1410,,,-640,1780,330,40,-180,,790,600,-1360,-240,,-840,2180,,350,,-870,-2660,420,-500
5900,7800,5,21,2490,1880,-1940,770,360,-4860,970,,1510,,-1450,2340,-220,,2100,,1140,1960,,840,2000,2440,2490,460,4240,2270,,1150,-730,170,-730,3030,1550,-20,760,,-440,,430,-470,2610,,-140,,200,2160,,980,-1290,-50,-930,1280,190,480,,2270
6000,8100,25,10,-240,790,,990,-960,,700,-910,-370,-1010,2060,-3700,,1330,1610,-970,2390,4430,1110,-80,1200,-50,,1360,2150,,520,,1450,1080,,-1430,-1770,,0,-180,2370,710,890,120,,2030,-2350,110,-460,60,1010,-2140,-120,2370,,2700,1020,,80,
6000,8000,18,27,-280,30,,-940,-1400,-1390,1070,320,-2110,3260,860,,-1460,,-2940,-4550,-1490,-1790,-650,,-2410,-850,-2390,,-2650,,180,-270,1560,130,,1020,1230,2160,-110,-1910,1980,180,1290,,-1360,,1330,220,920,1540,-1470,,-1150,2500,320,,2350,,930,460
6000,6800,7,4,-400,-2130,,-1230,-2060,,-1440,1140,230,870,-2270,4180,,-2330,-2950,-310,-2730,-4870,-2050,-2050,-1920,-170,,-2810,-2850,,-1870,,70,140,,2290,3120,,1510,560,-2230,-490,3140,-150,,-2320,2450,940,1090,20,90,2160,1130,-250,,-1200,50,,-1160,
6400,8200,27,21,-390,170,-890,1860,760,640,,-1130,-1020,,-3530,-1030,,1590,60,4570,2240,-760,,1250,3210,1330,,-350,1170,-240,1650,,-1660,-50,-3260,-1500,-1540,820,,-270,1420,,-440,-1370,,-2900,-20,-380,480,-3170,,-1500,-1540,-170,,-1680,2510,2070,-2820,
6600,8400,17,19,850,50,-350,1510,,90,1540,1540,1620,-1430,3810,,,-770,-1870,-350,-1530,870,1140,-4220,,290,,-1830,-630,1550,1030,,850,1490,-1050,2660,,2660,1390,-1310,90,1900,300,,,1020,-170,2980,2120,-840,2710,250,,1500,,-1880,10,1060,250,
7000,8500,4,6,-170,590,1640,1710,,2780,-1150,-470,-1060,2430,-3630,,,2200,2780,2830,3000,480,2160,4620,,1030,,2710,1850,-610,-840,,-270,-1170,-870,-1590,,-830,-550,2600,390,-1950,-160,,,1160,-640,-2050,-1140,1690,-1900,-290,,-1280,,1060,-280,-590,280,
7000,9200,25,22,380,140,-20,960,2340,,,-800,-3270,-510,1530,1550,680,,4710,750,2750,1790,2620,,,1780,1010,-290,1500,2610,1360,,0,-830,1340,-1860,-790,,,360,0,-330,1260,850,-1190,,-40,-650,380,-680,-1200,,,650,1390,260,740,-360,-1550,
7200,10300,18,14,-1390,-2040,1650,170,-1630,1850,-970,,-1750,-2290,,,-3900,-2200,-2150,780,,2400,-610,1730,-1080,,4730,-2110,2560,-1670,,610,-10,990,90,1780,-1270,-450,-590,,2070,850,,,30,-270,1400,340,,-110,640,-2800,-1370,,-30,60,-960,480,,250
7300,8400,14,5,1110,450,-940,2580,1570,1960,2970,,-650,-550,,-3140,,2420,2990,2420,,2120,,3130,-1020,4760,3360,1470,2390,1180,,2920,-1590,-150,-60,-1530,-1230,430,-2870,,-880,1600,,-300,,-1510,-150,720,,-1050,,-2180,-260,-80,-960,280,-1410,-1450,,-1220
7400,10200,16,21,170,-660,1450,-1910,-1090,-1320,1390,,1460,690,,3660,,30,-2410,-1820,,-1150,,-80,1490,-4500,-2250,950,-1320,1240,,-1830,-1170,-1700,-1330,-1510,-330,-2860,600,,-380,-2950,,-530,,1510,-1450,-3360,,-2000,,3200,-640,-330,-380,-3070,-520,-510,,1090
7500,9100,4,5,-590,-2690,,-1430,-2060,,-1930,760,-140,460,-3010,3690,,-2910,-3120,-410,-3040,-4900,-2300,-1890,-2250,-220,,-3190,-3150,,-2060,,560,320,,2450,3200,,1890,740,-2190,-320,2300,80,,-1980,2470,1150,1420,30,480,2210,1670,-20,,-1010,340,,-800,
7700,9300,2,15,-3450,-3210,-4850,,-2570,-1170,-540,-1710,30,-3440,-2540,-1730,,,-1080,-790,-80,-1970,-1440,-2750,-2740,780,,2830,190,,,-3220,160,2420,180,,1000,-910,1310,2420,660,1510,-520,1400,,,1850,420,-910,1010,1090,50,2450,590,,420,1290,,,1330
7800,8400,21,9,2400,2040,-1510,1460,710,-4530,1300,,1600,,-770,2670,-160,,2400,,1440,2300,,790,2140,2560,2800,770,4360,2470,,1220,-1000,90,-580,2970,1520,-10,550,,-300,,550,-120,1940,,-300,,50,2090,,220,-890,-270,-1140,1020,-60,360,,2080
7800,8800,19,27,30,-770,620,-400,-2210,,,800,3100,770,-1470,-1020,-2040,,-4790,10,-2630,-1050,-2200,,,-1090,630,650,-2160,-3060,-960,,310,1890,-1080,2980,1880,,,140,460,1290,1080,-390,2980,,190,-80,-740,2100,3040,,,1250,-1440,1420,-1840,1820,3340,
7900,9900,4,21,-720,-860,-1280,-2160,-1250,-1990,,730,,,2980,120,-20,-2230,-380,-4790,-2720,-1800,,-2080,-2720,-2120,,-260,-2440,-650,-2360,,1840,280,1800,1910,1160,-240,,460,,,260,1460,-1070,1400,350,180,230,2200,,900,1360,1810,,1460,-940,-1170,2030,
8000,8800,10,19,230,1220,710,1580,,2820,-910,-260,-960,2320,-3250,,,2410,2900,4620,,2160,2950,,,3300,1830,240,-910,3330,70,2250,-1080,-180,-1290,-2190,,-1220,-980,2250,10,-1680,-260,,,870,970,-150,,-410,-2210,,,-450,-1870,-960,-140,-1270,1180,-1570
8000,8500,7,6,2220,-460,,1910,3520,940,700,340,-1410,-1160,,540,-720,,-420,240,-1410,,-1580,,220,430,,-1530,1030,-3620,-1450,630,2490,1970,,-190,570,2480,3140,-2150,2210,2930,,750,-1180,,1680,2960,2870,,-420,,1230,2450,,2220,900,480,1160,-390
8000,10500,27,22,120,10,,-510,-1590,-190,1190,430,-1730,3250,330,,-1710,,-2460,-4410,-1050,-1460,-800,,-1950,70,-1990,,-2040,,210,-110,1680,710,,1410,1340,2160,660,-1500,2070,410,1610,,-1620,,1270,190,1210,1680,-1140,,-1000,2500,340,,2350,,1630,1140
8000,9600,4,5,-100,-270,-1310,-1680,-980,-1930,,,1250,130,1500,-1920,3700,,-2690,-190,-1900,-4450,,610,-2390,,1310,,-2240,-2600,-570,-1520,1490,890,1050,2060,2430,-1840,,,800,-2230,-420,1580,130,,310,150,2180,160,,600,-670,,-630,,1270,1850,-1580,2140
8100,12800,15,27,410,,-660,950,-290,-80,1000,1040,1380,-1950,3430,,,-1540,-2440,-4620,,-1230,-1060,,,-2690,680,500,1230,-2150,810,350,-1230,,-270,1360,-1150,1390,-90,-2770,-1340,-500,-370,,,-2650,-2480,-290,,-40,2670,,,-1190,3080,490,-900,940,-3150,-1360
8300,10800,6,27,-110,-540,-2130,,-1690,-1010,1130,,620,3170,750,-120,-1470,,-250,,-2210,-1050,-4670,,-1540,860,-1600,-1640,-1180,820,-2050,,1040,1530,1170,,140,1900,130,,-1710,350,1350,220,1230,,-430,,1030,1520,70,,1360,-230,1750,590,1940,980,50,
8300,8900,5,11,-520,-1090,-1700,-2350,-1940,-3060,,,1200,430,-2410,3520,640,,-2060,,-2880,-3350,-2760,,-1350,120,-340,-4940,-3060,,-3230,-1600,1690,720,1620,-30,2540,1250,,,-240,-1770,2870,190,1330,,2390,,-450,1470,1730,,1150,610,-1430,10,2750,,500,670
8400,9700,5,10,2380,1020,4350,,1840,-910,-870,-950,-1440,2140,1070,-170,,,-520,80,-1210,1530,270,400,-1480,-1190,,-3390,-1380,,,350,1100,-2130,30,,360,2650,-520,-3030,40,-960,2620,-30,,,-40,720,2140,220,-310,1980,-1930,550,,20,-450,,,-1820
8500,9600,6,24,300,870,2040,1480,,3260,-750,-120,-510,2670,-3280,,,2950,3250,3210,3360,1030,2160,4810,,1380,,3230,2280,-310,-320,,-600,-1270,-950,-1130,,-1210,-720,2140,330,-1580,-140,,,450,-810,-1620,-1220,1380,-1500,-310,,-1730,,500,-590,-880,240,
8600,11100,16,24,400,-470,-2150,-1550,-280,-1850,-150,,570,1140,,,3790,940,-2020,-1180,-220,-2360,,-2350,-20,,-4600,650,-2300,1310,,-690,670,390,1650,-570,1700,1160,1170,,-1810,-220,,,230,1370,-740,2060,1510,180,,2100,-970,,-10,1480,1280,-90,,330
8800,10700,27,24,0,-950,640,-870,-2310,,,790,3060,530,-1290,-940,-2040,,-4740,-10,-2510,-1110,-1930,,,-980,590,560,-2200,-3070,-1150,,470,2470,-750,3150,1840,,,300,540,1630,1420,-150,3310,,250,-160,-420,2350,3010,,,1470,-1020,1890,-1710,1970,3330,
9300,10600,15,28,-3190,-2870,-5010,,-2490,-1130,-700,-1620,-30,-3270,-2430,-1850,,,-1430,-760,-80,-2000,-1450,-2780,-2640,530,,2830,210,,,-3000,140,2630,80,,1220,-810,1690,2620,1110,1610,-380,1730,,,2530,930,-630,1140,1670,340,2830,950,,650,1640,,,1940
9400,10500,21,17,-680,330,1840,,480,-600,-1060,,-1050,-3380,-1000,910,1500,,-1090,,3040,-1000,4530,,1780,-670,430,1130,520,-790,2040,,330,-1180,-110,,1410,-2010,150,,1730,-350,-1050,-580,-1390,,1400,,170,-550,-40,,-1000,3240,-1470,-390,-3480,-970,1860,
9600,11800,28,10,-1120,-540,350,180,-1520,540,,,-2070,-1910,1600,-4160,-2120,,-600,,970,1960,,,-1840,-2050,-1670,4760,470,340,1680,-290,360,490,-230,930,-1920,-1660,,,700,2080,150,60,-110,,-2620,,1960,-870,,,960,-120,2570,-260,-2940,-160,790,-260
9700,11300,26,17,-720,-720,170,130,-1010,130,,,-1900,-1670,-1800,1320,-3700,,1880,220,-700,3890,,-400,880,,-1600,,2170,710,-1500,500,-1810,-790,-2000,620,-2380,-2740,,,-1350,1100,-460,-1250,-530,,500,-570,-2300,-860,,-1700,1810,,-990,,-1960,-3280,1620,-1790
9800,11200,16,21,,-730,,-2890,-4380,-1760,-2540,-2650,-180,-60,-2250,-1480,-710,,-210,-610,340,,-660,,-970,-2860,360,420,-2670,3170,,-2330,,230,,190,120,190,-480,1030,370,-200,620,570,1370,,610,190,-840,,1500,,680,-310,490,-300,550,100,,340
10000,11200,21,16,100,1320,-530,3470,1910,2010,,-440,-130,,-2910,-180,,2490,600,4930,2980,-630,,2010,3890,1930,,60,1250,110,1960,,-1570,-450,-2740,-740,-1600,910,,-220,1540,,-500,-1120,,-2450,70,-430,790,-2740,,-1790,-1580,-380,,-1540,2680,1650,-3210,
10300,12600,5,10,1290,1170,-210,2870,1500,2380,2410,,-300,510,,-2670,,2760,2910,2470,,1630,,2790,-230,4740,3020,1990,1940,1500,,2860,-2280,-390,100,-540,-1490,-160,-2840,,-790,1500,,-360,,-1610,-340,80,,-1600,,-2670,-410,100,-770,-40,-1920,-2190,,-1370
10400,12000,6,1,2320,120,,2080,3520,1110,740,0,-1420,-1150,,570,-810,,120,390,-1370,,-1440,,260,990,,-1380,880,-3620,-1190,780,2310,2550,,-240,570,2570,3270,-2350,1880,2690,,350,-1240,,2420,2900,2570,,-510,,990,2470,,1870,750,490,1040,-420
10600,12200,28,1,-3070,-2890,-4930,,-2560,-1180,-900,-1930,0,-3120,-2360,-2100,,,-1630,-910,-120,-2230,-1650,-2870,-2310,460,,2830,170,,,-2790,350,2710,200,,1360,-670,1770,2510,1390,1820,-260,1810,,,2580,1280,-490,1030,1910,400,2850,1120,,730,1700,,,1900
10600,12200,10,9,-780,30,,680,-1050,,-130,-1770,-830,-770,1140,-3810,,920,1310,-1390,1380,4000,100,-160,280,-220,,1040,1330,,-700,,1010,1590,,-260,-1700,,30,400,2870,1560,1580,460,,2090,-960,830,210,270,1480,-810,380,2470,,2100,1500,,1470,
10600,14500,5,7,-850,-3280,,-2690,-2520,,-3420,240,-910,-30,-3530,3120,,-3380,-2900,-720,-3730,-4940,-3000,-2600,-3410,-350,,-3520,-3680,,-2670,,1270,490,,2690,3170,,2620,840,-1840,60,940,200,,-1680,2810,1300,1170,30,740,2850,2220,240,,-750,460,,-600,
10700,11500,24,19,270,-560,880,-390,-2090,,,990,3280,-50,-650,-660,-1520,,-4640,290,-2260,-920,-900,,,-430,690,-90,-1950,-2570,-380,,870,2520,-370,3370,1780,,,660,620,2380,1810,210,3230,,280,-250,-150,2270,2870,,,1910,-380,2480,-1480,1930,3430,
10700,13300,5,4,-70,-750,-1380,-2460,-1040,-2390,,,880,-90,920,-2450,3270,,-2710,-1010,-1910,-4530,,-370,-2540,,790,,-2540,-2680,-1500,-1260,2300,900,1890,2740,3300,-1250,,,1090,-1870,10,980,290,,540,1520,2960,250,,1460,-370,,-80,,1370,2190,-1030,3140
11000,11500,4,1,1440,1210,80,1490,,830,2460,2040,2040,-650,4150,,,180,-1110,200,-1010,1410,1450,-3640,,920,,-1020,130,2330,1480,,2180,2730,-540,2770,,3030,2240,-470,690,2030,440,,,1800,730,2760,2240,-130,2870,440,,2320,,-630,970,2130,860,
11000,12500,25,5,610,600,570,180,2580,,,-190,-2930,-130,1780,1780,1200,,4800,1200,2970,2110,2800,,,2070,1520,150,1950,2970,1430,,1150,-60,2070,-1250,770,,,1240,260,380,1610,1930,-1280,,10,720,980,90,-210,,,1410,1900,1330,1790,320,-990,
11100,11200,24,14,1610,300,-1720,-920,970,-1100,760,,1540,2060,,,4280,1630,-1330,-270,1430,-1970,,-1580,940,,-4300,1530,-1620,2040,,-110,1350,880,1490,-410,2550,1950,1410,,-1170,190,,,420,2770,-830,2230,1260,160,,2470,-590,,210,2910,1490,210,,740
11200,13600,21,25,,-680,,-2420,-4370,-1420,-2310,-2310,-380,-200,-2390,-1210,-260,,-130,-670,120,,-370,,-840,-2560,530,570,-2510,3110,,-2140,,370,,-10,100,10,-610,1260,460,-340,550,560,1230,,610,80,-950,,1560,,630,-430,440,-220,580,90,,610
11500,12500,1,6,1460,1250,130,1700,,840,2570,2100,2100,-670,4150,,,260,-1070,320,-910,1460,1620,-3560,,1070,,-910,180,2350,1590,,2210,2710,-440,2800,,3070,2380,-490,630,2020,440,,,1800,740,2820,2200,-110,2710,450,,2390,,-530,1110,2120,840,
11500,13300,10,1,2250,610,4110,,1690,-930,-730,-1180,-1270,2080,960,-200,,,-610,-160,-1230,1260,590,90,-1300,-970,,-3350,-1130,,,360,1140,-2900,-110,,190,2220,-1220,-2740,-270,-1070,2680,830,,,-830,480,1720,-540,-220,1890,-2110,470,,-210,-670,,,-2260
11700,12800,17,27,-360,250,2850,,1340,-620,-930,,-760,-3060,-860,1180,1710,,-830,,3350,-930,4770,,2240,-330,410,1330,390,-680,2660,,1050,-700,730,,1940,-1560,700,,2160,10,-390,210,-840,,1760,,440,-260,150,,-720,3300,-1060,330,-3280,-440,2340,
11700,12700,27,25,1100,1170,2400,1160,,2780,-390,710,570,2720,-3020,,,3210,3290,3010,3170,1840,1790,4770,,1540,,3200,2170,160,980,,180,-610,-290,-1330,,-600,-540,1650,450,-780,-70,,,0,80,-1380,-960,1240,-1320,-20,,-920,,-10,-60,-440,270,
12000,14400,10,7,-1450,-970,,390,210,-3960,-3620,-1660,710,-4090,-3710,,-1750,,940,3840,-450,60,-2840,620,-810,-3930,860,,-230,,,-1450,-270,840,,1180,2430,-1610,1370,3050,-580,-880,-980,,-2620,,-720,0,530,-760,-1790,1980,2060,-1190,170,,-2250,,,130
12200,13800,21,25,1680,540,2420,-980,300,-840,2710,,2770,2800,,4360,,790,-1020,-820,,470,,830,1930,-3960,-790,2580,650,2600,,-630,-830,-1520,-980,-1220,-500,-2580,-180,,-590,-2140,,-270,,1240,-1170,-2540,,-1670,,2250,-920,-220,-430,-2580,-560,-690,,580
12200,14900,9,12,-870,-120,,920,-1010,,10,-2040,-1160,-770,1370,-3760,,1130,1300,-1110,1250,3940,20,0,340,-690,,1250,1470,,-710,,1000,1860,,40,-1880,,-140,420,2870,2040,980,990,,2430,-500,740,530,400,1700,-440,400,2710,,2430,1420,,1800,
12500,13100,6,2,1510,1100,150,1960,,830,2630,2100,2260,-720,4150,,,330,-980,580,-840,1440,1510,-3440,,1110,,-700,270,2340,1660,,2090,2730,-440,2910,,3060,2570,-540,440,1960,440,,,1700,870,2940,2120,-100,2470,410,,2580,,-460,1470,2000,920,
12500,15600,5,12,790,800,710,150,2340,,,-190,-2820,-70,2270,2470,1670,,4770,1320,2790,2210,2820,,,2160,1410,160,2450,2960,1650,,1050,250,2000,-1160,900,,,1500,300,570,1490,1990,-1320,,60,800,1140,380,-200,,,1280,1920,1630,1530,310,-780,
12600,13700,7,28,-3420,-2680,1000,-910,-3360,-350,-2140,,-3210,-3300,,,-4930,-3190,-3440,-620,,880,-2070,60,-2190,,3820,-2920,200,-3780,,-1800,-570,-120,220,1400,-850,-1100,-400,,730,30,,,-70,-580,380,-70,,200,640,-1890,-900,,-80,-410,-770,-350,,-80
12700,13700,25,26,1340,1220,2110,770,,2450,-420,860,490,2560,-3000,,,2960,3000,2780,2930,1800,1620,4690,,1350,,3210,1870,190,1440,,390,-230,70,-1380,,-560,-250,1750,560,-730,0,,,290,370,-1330,-860,1500,-1470,-70,,-710,,280,180,-50,390,
12800,13500,19,27,820,-80,1250,770,-1750,,,1600,3670,290,130,-350,-930,,-4490,780,-1830,-780,180,,,150,1000,-570,-1570,-1970,600,,1360,2640,-160,3020,1820,,,1340,700,2940,2160,650,3210,,190,-80,300,2210,2980,,,2000,160,3040,-1190,1970,3240,
13200,14900,17,1,-1390,-1170,-450,90,-1370,-640,,,-2330,-2080,-2220,960,-4210,,1110,-660,-1260,3540,,-1170,690,,-1990,,1110,-330,-1920,-100,-2660,-1340,-2310,380,-3170,-3060,,,-2130,480,-680,-1970,-640,,-480,-1460,-3420,-850,,-2520,1330,,-2020,,-2120,-3250,1530,-2390
13700,16300,1,12,-180,-670,-240,-1960,-960,-2380,,840,,,3270,700,400,-2410,-510,-4630,-2100,-640,,-1380,-1970,-1240,,0,-2030,-130,-1850,,1350,470,2270,1820,1410,-240,,590,,,390,1640,-330,1260,1170,210,70,2260,,470,1160,1500,,1430,-1000,-730,2100,
13700,15200,28,21,-3020,-2330,650,-1080,-3060,-850,-1950,,-2950,-2950,,,-4840,-2930,-3070,-710,,760,-1880,-200,-2010,,3760,-2660,160,-3540,,-1580,-470,80,250,980,-950,-1080,-240,,730,170,,,0,-400,490,-80,,0,690,-1820,-940,,-130,-270,-810,-390,,70
13700,13900,2,19,1520,1020,30,2010,,750,2620,1890,2240,-830,4140,,,70,-990,530,-960,1260,1200,-3430,,920,,-750,160,2200,1520,,1990,2870,-190,3110,,3200,2530,-700,240,1670,460,,,1940,1100,3060,2170,-200,2800,390,,2800,,-410,1890,2110,950,
13800,15500,1,4,2320,-30,,2500,3530,1040,520,30,-1100,-980,,490,-910,,-40,90,-1250,,-1220,,370,710,,-960,1250,-3290,-810,740,1220,2240,,-640,280,2180,3100,-2850,1290,2870,,-40,-1450,,1360,2370,2130,,-910,,380,1930,,1230,290,290,500,-980
13800,15900,25,24,1680,1100,2720,-690,980,-540,2630,,2680,2800,,4680,,1500,-840,-460,,820,,1430,1910,-3780,-530,2480,1360,2700,,-360,-700,-1240,-720,-1140,-540,-2620,120,,-400,-2000,,-160,,1360,-1110,-2220,,-1420,,2090,-470,-140,-460,-2590,-530,-620,,610
13900,14700,16,24,2490,1010,-1260,-190,1840,20,1270,,2260,2600,,,4610,2240,-500,360,2220,-1570,,-870,1410,,-4050,1280,-1120,2400,,610,1570,890,1530,-390,3010,2650,1800,,-550,320,,,370,2590,-880,2940,1700,200,,2820,-210,,250,3300,1760,510,,1050
14400,15500,27,24,-250,540,3130,,2780,-680,-880,,360,-2950,-650,1670,2110,,-300,,3820,-650,4950,,3060,700,1130,2160,720,-640,3140,,2080,-190,1210,,2590,-1120,1390,,2870,200,360,1260,-640,,2150,,680,-420,290,,-570,3370,-640,1270,-3020,320,2540,
14600,16700,25,23,250,1030,-850,1410,480,-4170,1670,,1100,,-580,2520,-230,,1680,,900,2060,,-80,820,3240,2520,-420,3550,3090,,290,-1960,100,-670,540,690,60,1180,,-650,,360,410,1540,,-40,,-840,2470,,-820,-1760,-930,-2750,340,-30,1190,,1660
14700,15800,26,22,910,600,1430,-20,,1650,-90,350,-280,2090,-3360,,,2250,2560,2010,2210,1040,890,4380,,870,,2580,1430,230,1300,,520,-10,0,-1340,,-830,-280,1600,530,-910,-90,,,670,330,-1680,-580,1890,-1980,-120,,-620,,1100,70,10,840,
15200,16400,21,16,-2600,-2190,340,-1210,-2740,-1440,-1760,,-2770,-2790,,,-4680,-2790,-2610,-770,,730,-2060,-480,-1730,,3740,-2570,310,-3220,,-1330,-560,140,470,490,-1110,-870,-430,,730,240,,,0,-410,740,-150,,270,680,-1690,-930,,-120,-310,-590,-410,,280
15500,16500,24,22,-200,880,3090,,2770,-670,-720,,920,-3000,-560,2210,2180,,-180,,3870,-470,4960,,3210,1310,1500,2530,870,-570,3310,,2230,-20,1130,,2510,-990,1040,,2990,220,520,1450,-560,,2260,,910,-560,270,,-500,3320,-230,1730,-3090,600,2190,
15600,16200,1,11,-2470,-2020,-1030,-180,-2090,-1510,,,-2850,-2820,-2930,550,-4650,,560,-1550,-2160,3340,,-2490,40,,-2280,,460,-750,-2420,-860,-1970,-1510,-2110,350,-2800,-2910,,,-2200,380,-1230,-1720,-490,,-900,-1570,-3200,-670,,-1720,1000,,-2720,,-1940,-2910,980,-2130
15600,19100,19,7,500,1450,1680,580,,2870,-540,-110,-640,3170,-2890,,,2050,2600,4840,,2600,2990,,,2890,810,820,-400,3970,120,2430,-1640,-980,-2160,-2830,,-2900,-1940,490,-920,-2210,-800,,,-760,420,-330,,-1070,-2780,,,-240,-2540,-1490,-1800,-2060,820,-2020
16100,18400,12,5,-840,-320,,1280,-1280,,50,-3090,-1180,-2010,1120,-3080,,600,1190,-1110,1000,3840,10,-50,480,-870,,950,990,,-700,,430,1510,,-1290,-2710,,-770,-130,2480,1960,30,710,,2140,-1310,-40,-120,110,1340,-1300,-410,2420,,1920,770,,780,
16300,18300,12,8,10,10,180,-1500,-460,-1980,,1670,,,3530,1340,970,-1840,100,-4540,-1700,60,,-920,-1620,-480,,800,-1680,80,-1270,,1270,-70,2710,1470,1630,-690,,150,,,400,1420,-1210,1760,520,10,-150,2210,,30,1030,1370,,1380,-1110,-1070,1980,
16400,19900,16,20,-2320,-2030,200,-1010,-2530,-1590,-1390,,-2700,-2790,,,-4680,-2740,-2410,-770,,810,-2180,-580,-1750,,3720,-2610,590,-2980,,-1000,-680,100,380,-130,-1140,-1380,-670,,850,150,,,-10,-500,1080,-530,,210,650,-1890,-1140,,-80,-400,-750,-390,,250
16500,17700,22,19,100,300,940,-670,,780,-650,-580,-950,1560,-3740,,,1350,1930,1070,1790,30,-50,4100,,370,,1740,970,-270,550,,370,-800,-310,-1490,,-1350,-460,1580,440,-780,-300,,,870,350,-2020,-760,2180,-2440,-150,,-850,,1490,-10,370,760,
16500,18000,18,20,2680,1840,2740,1360,2120,4780,1630,,1210,,2750,-100,2700,,1110,,750,690,,1610,1610,-460,470,2540,-2630,-420,,2290,-200,-2550,-1130,-460,-1890,-210,-3010,,-2470,,-1800,-2060,-2590,,-2350,,-1010,-3490,,-1820,-2780,-1200,970,-1480,-840,-2250,,-10
16600,17400,1,11,990,450,3820,,1100,-1290,-550,-1310,-1920,1370,-20,-460,,,-930,-620,-1660,840,910,-120,-1750,-1950,,-3640,-1640,,,-330,2560,-2090,300,,1520,2630,-350,-2010,640,210,3230,1320,,,150,1600,2460,690,2440,2690,-910,1070,,570,360,,,-1290
16800,17800,9,12,-110,1200,3150,,2710,-540,-600,,1770,-3070,-500,2230,2210,,-120,,3720,-350,5000,,3270,1740,1860,2600,1030,-540,3160,,2420,370,960,,2560,-830,1070,,2800,130,610,2020,-450,,2420,,1090,-530,220,,-360,2830,240,2090,-3330,920,2350,
17000,18100,24,6,990,2250,200,3540,3180,3180,1910,,-270,2710,,-2400,,3490,3750,3380,,2650,,2940,550,4880,3680,2750,2780,850,,3700,-520,1190,1720,430,430,2130,-2010,,-430,2620,,410,,-510,1540,2350,,100,,-1170,970,90,480,2600,1370,-450,,-350
17000,18300,2,6,240,860,-580,3050,1650,1490,,670,-70,,-3150,-250,,1470,670,4850,2120,-160,,1430,2210,1570,,-40,1210,10,1020,,-780,-150,-1690,-1500,-660,880,,-40,470,,-270,-860,,-1940,190,-450,520,-1670,,-940,-1010,20,,-610,2100,540,-2590,
17100,18300,23,26,-2420,-2350,-1080,-1920,-3000,-840,,,-3270,-3060,630,-4820,-3260,,-1800,,-1890,550,,,-3190,-3210,-1810,3890,-40,-630,1050,-680,2090,1130,560,2300,-1250,-1550,,,1160,2580,660,210,320,,-2140,,3470,90,,,1010,190,3250,320,-1210,2290,1500,150
17200,18100,11,3,-2670,-2210,-1320,-390,-2450,-1440,,,-3210,-3140,-2910,290,-4900,,350,-2020,-2130,3330,,-2740,-130,,-2770,,270,-670,-2590,-1100,-1430,-860,-1700,390,-2720,-2460,,,-1820,660,-990,-1530,-290,,-750,-920,-2630,-510,,-950,870,,-2330,,-1580,-2400,450,-1600
17300,18400,7,2,-470,-1180,,590,670,-2250,-1970,-100,850,-3960,-2150,,-220,,1190,3750,250,510,-710,820,390,-2130,1140,,930,,,-480,-70,2430,,1890,2480,-2260,2280,3340,740,370,-440,,-1990,,390,190,1700,330,-1230,2280,2610,0,1180,,-1240,,,840
17600,19100,4,1,2300,-360,,2190,3510,1180,100,150,-1160,-1010,,240,-970,,-400,-230,-1310,,-1040,,180,430,,-1110,1370,-3180,-1090,420,850,1200,,-810,-80,1810,3140,-3410,460,2910,,-800,-1250,,540,1510,2020,,-1200,,-720,1250,,530,-280,-70,-200,-2040
18900,20600,27,22,3950,3230,,3330,670,3810,4040,4300,30,5110,3630,,1130,,-90,-3630,3010,1370,3850,,890,3280,-180,,1140,,3490,3910,770,420,,2440,2290,2190,510,-350,1600,20,1900,,-1600,,1530,320,-710,1260,-790,,-1390,1860,500,,3050,,2430,100
19000,20900,20,22,2390,1680,2280,950,950,4730,1170,,860,,2260,0,2440,,910,,770,490,,910,1740,-800,430,2210,-2590,-320,,2260,40,-2250,-1160,-690,-1990,-160,-2880,,-2180,,-1740,-1960,-2520,,-2380,,-850,-3220,,-1920,-2550,-910,1140,-1330,-790,-2120,,80
19100,21600,7,11,-490,460,1460,-730,,2220,-1590,-850,-1780,2620,-3750,,,1220,1910,4440,,1850,2510,,,2040,-500,10,-1600,2660,-560,1600,-1490,-890,-2140,-2830,,-2760,-2950,350,-1370,-1800,-1240,,,-250,620,-270,,-960,-2280,,,-310,-2460,-1320,-2940,-1560,520,-1860
19200,20300,24,20,1530,1280,-700,380,1640,550,1010,,2070,2450,,,4440,2340,10,140,1610,-1340,,-370,1680,,-4050,400,-1640,2320,,1550,2460,1320,1770,-310,2860,2800,2250,,-70,980,,,220,1920,-1740,3170,3060,-300,,3130,100,,310,2940,1780,1420,,1850
19200,20000,3,27,-2470,-1710,-1730,-410,-2420,-740,,,-3090,-2480,-2750,160,-4620,,540,-1610,-1700,3440,,-2190,0,,-2560,,410,-320,-1820,-1730,-1420,-170,-1100,340,-2350,-2460,,,-1300,1410,-670,-670,-100,,-460,-330,-2140,-410,,-440,830,,-1810,,-1120,-2200,380,-1080
19900,21300,23,5,100,-370,-1350,370,-750,-4430,270,,490,,-1530,910,-1390,,500,,-170,1080,,-1400,520,2600,1330,-1240,3910,2320,,-720,-2710,-1430,-1390,-2130,-500,-120,390,,-1500,,-480,-270,650,,-600,,-1160,2050,,-1140,-3200,-1460,-2610,-470,-510,420,,1610
20100,20800,12,21,100,1470,3570,,3230,-90,-500,,2450,-2750,-270,2750,3130,,320,,3710,70,4880,,3450,2730,2650,2830,1910,-400,3350,,2270,550,480,,2350,-540,1200,,2760,310,700,1370,-530,,2300,,880,-220,220,,150,1500,1040,1680,-1860,990,2030,
20400,20500,5,4,-80,-90,,1590,-790,,970,-2110,-160,-1730,1640,-3760,,1550,1320,-340,1630,3990,910,290,970,80,,1620,1550,,-240,,-850,870,,-1720,-2460,,-3120,-690,2390,870,-530,-270,,1210,-2660,-1350,-1280,-310,-120,-2700,-1710,2020,,1150,-330,,-530,
20500,21900,1,6,2100,350,,1890,3540,1420,-90,230,-1250,-1040,,780,-1080,,-230,230,-1430,,-1270,,410,490,,-1260,1110,-3290,-1180,550,1270,920,,-760,130,2240,3270,-3180,700,2760,,-290,-1130,,690,1230,2240,,-1010,,-580,2110,,860,450,120,120,-1900
20800,22300,21,23,170,1630,3620,,3440,60,-440,,2500,-2680,-190,2920,3490,,400,,3830,260,4860,,3390,2900,2870,3040,2260,-340,3590,,2240,370,400,,2020,-610,1100,,2660,270,600,1150,-620,,2240,,670,-380,210,,-40,1150,830,1290,-1670,940,1730,
21400,23300,26,18,-2060,-2080,-1060,-2230,-3010,-850,,,-3110,-3030,-850,-4830,-3090,,-2210,,-2240,1180,,,-2870,-3060,-2110,3490,0,-920,720,-840,1390,560,1500,2550,-1180,-910,,,620,2210,450,-30,40,,-2290,,3260,-330,,,600,-140,2980,240,-1500,1550,1810,390
21500,22800,19,16,-2060,-2130,-450,-2780,,-2130,-3050,-2910,-2930,510,-4750,,,-800,870,-2350,590,-2470,-2030,3070,,-830,,500,-490,-2740,-1640,,-150,-1830,-760,-2410,,-2350,-1130,650,-240,-1220,-240,,,740,-280,-3100,-1240,840,-2840,-670,,-2350,,870,-80,-140,-40,
22000,24600,22,23,1960,1400,1920,720,860,4520,760,,400,,1750,-260,2070,,520,,670,-30,,530,1920,-1300,580,1970,-2730,-750,,1950,750,-1430,-460,330,-1120,10,-2210,,-1390,,-1130,-810,-1820,,-1690,,-50,-2890,,-1620,-2570,-100,2230,-790,-140,-1570,,350
22100,24800,8,14,-30,690,480,-1400,-870,-1460,,930,,,3350,1510,-760,-1710,620,-4660,-1710,-500,,-980,-1680,-330,,320,-1670,-860,-1710,,930,-1700,2510,100,1270,-1480,,-390,,,-130,910,-2900,2250,-560,-140,-300,1950,,-670,170,680,,430,-1400,-1870,1600,
22200,23100,24,17,-540,-1060,-1940,-210,-1360,-4560,-460,,0,,-2060,380,-1950,,190,,-570,710,,-1960,-40,1920,930,-1220,3440,1590,,-1430,-2760,-1590,-1210,-2300,-930,-120,100,,-1520,,-580,-500,610,,-690,,-1120,1650,,-690,-3010,-1190,-2230,-980,-330,90,,1460
22300,23400,20,28,1280,930,-1080,150,1430,-170,640,,1840,1880,,,4240,1920,-60,200,1250,-1680,,-360,1290,,-4320,660,-2600,1870,,540,2010,1060,1510,-290,2910,2830,2590,,-350,620,,,160,1690,-2240,3390,2500,-520,,2840,-120,,430,3210,1380,1360,,1850
22300,23400,2,23,920,40,,1250,1400,-770,-970,60,1720,-3040,-840,,1750,,2020,4120,970,1470,840,1610,950,-720,1820,,2050,,,550,-80,2330,,3090,1490,-2070,2090,3260,2140,600,270,,-2380,,460,380,1800,650,-790,2690,2780,620,1770,,-540,,,1490
23100,26500,23,25,30,1700,3520,,3350,620,-360,,1860,-2680,-200,2850,3420,,170,,3410,640,4910,,3300,2210,2670,3040,2500,-280,3340,,1910,-240,80,,1300,-1130,910,,2110,90,390,880,-1010,,2050,,180,-30,80,,-380,800,0,550,-1920,620,1230,
23200,24700,11,9,-1060,-340,1020,-1240,,1150,-2850,-1010,-2960,1520,-4350,,,580,1130,4000,,170,1210,,,1010,-1090,-1460,-3180,1140,-740,380,-690,330,-1850,-2910,,-2930,-2640,1870,370,-1020,-530,,,1090,1240,-70,,150,-1940,,,400,-1680,-140,-1460,-620,980,-1220
23300,25400,18,27,-1870,-1830,-1070,-2070,-2750,-580,,,-2770,-2840,-830,-4550,-2770,,-2160,,-1680,890,,,-2650,-2900,-2060,3610,390,-1100,720,-990,1020,20,1270,2430,-1750,-1170,,,480,1850,-60,-40,-300,,-2560,,3180,-110,,,780,-500,3080,-10,-2100,1390,1460,-60
23400,24400,23,21,830,320,,1250,1930,-600,-850,150,1500,-2930,-660,,2130,,2200,4280,1260,1560,1010,1760,920,-530,1820,,2170,,,690,50,2140,,3190,1640,-1920,2010,3210,1980,520,270,,-2550,,450,350,2040,840,-460,2880,2710,610,1940,,-570,,,1890
23400,24500,28,7,1250,780,-940,140,1300,-150,580,,1670,1750,,,4250,1850,-250,160,1430,-1870,,-400,1110,,-4400,770,-2290,1830,,130,1940,1130,1400,-320,2860,2600,2660,,-360,590,,,150,1700,-2440,3360,2010,-670,,2650,-190,,520,3170,1360,1290,,2180
24400,24900,6,2,2070,610,,1710,3480,990,-300,40,-1230,-310,,460,-1120,,-100,650,-1140,,-1580,,170,-440,,-1470,1220,-3620,-1380,230,1730,1520,,-600,490,2460,3370,-2590,1750,2330,,430,-1510,,1340,2320,2530,,-720,,240,2760,,1650,1130,470,760,-1320
24500,27400,7,3,1300,660,-1060,110,1120,-170,300,,1580,1760,,,4300,1950,-420,140,1510,-1950,,-550,960,,-4320,800,-1870,1820,,-90,1870,1220,1400,-250,3030,2490,2900,,-370,540,,,150,1620,-2280,3130,1850,-570,,2650,-80,,510,3170,1420,1290,,2350
24800,27200,14,5,-400,120,-430,-1720,-1710,-1770,,910,,,3120,970,-1260,-2260,20,-5000,-2380,-1320,,-1580,-2500,-1030,,-210,-2000,-1110,-2350,,1370,-1590,2730,220,1760,-1280,,-180,,,100,1110,-2650,3130,-300,-10,70,2370,,120,1060,1410,,970,-1260,-1810,2720,
24900,26300,2,10,2090,630,,1700,3480,1090,-300,10,-1230,-220,,430,-1150,,120,720,-1150,,-1600,,170,-470,,-1470,1230,-3600,-1430,160,1760,1680,,-610,480,2490,3370,-2560,1800,2330,,530,-1500,,1490,2340,2530,,-710,,340,2750,,1680,1210,470,840,-1290
25000,25800,21,20,730,520,,1240,2580,-390,-740,410,1370,-2860,-680,,2390,,2550,4510,1480,1510,1040,1960,1000,-500,1900,,2170,,,630,500,1980,,3110,2090,-1680,1900,2940,1770,500,470,,-2550,,780,320,2020,960,-130,3000,2770,680,2090,,-700,,,2210
25600,28200,2,5,-3010,-2550,-1690,-960,-3490,-1460,,,-3080,-2830,-2960,110,-4970,,250,-1710,-2430,3440,,-1860,-500,,-2940,,240,-610,-2080,-2760,-840,-1280,-490,750,-1740,-2300,,,-590,1190,50,180,-360,,80,-150,-1540,-300,,-1270,1250,,870,,-600,-1960,-520,-1070
25900,27000,19,24,2840,2480,2830,2990,170,,,3130,4790,3210,1710,1480,2050,,-3720,3170,10,1030,2060,,,1930,2360,2670,-190,160,2800,,1910,2340,380,3010,2130,,,1090,250,2250,2160,620,3210,,380,2220,1620,2510,3510,,,1920,540,2430,410,2220,3170,
26000,27300,4,2,830,480,-810,1180,,360,1800,1020,2090,-430,3610,,,-380,-1280,-450,-960,480,30,-3530,,400,,-1350,-380,1540,830,,1390,2690,-540,3400,,2370,2550,-2200,-60,3100,770,,,2500,1780,3090,2730,-270,3180,450,,2700,,70,2010,2360,1520,
